date,channel,device,visits,page_views,orders,revenue_krw
2026-06-30,paid_search,mobile,2958,10375,73,5295712
2026-06-30,paid_search,desktop,1312,4928,50,3932500
2026-06-30,paid_search,tablet,231,742,4,290396
2026-06-30,organic_search,mobile,2274,7010,51,3696939
2026-06-30,organic_search,desktop,1085,4026,40,3150880
2026-06-30,organic_search,tablet,175,460,3,214017
2026-06-30,direct,mobile,1948,5849,50,3569550
2026-06-30,direct,desktop,907,2598,37,2926996
2026-06-30,direct,tablet,153,463,3,218430
2026-06-30,email,mobile,777,2753,23,1623524
2026-06-30,email,desktop,367,1177,17,1313896
2026-06-30,email,tablet,61,216,1,71232
2026-06-30,social,mobile,1216,4223,18,1294848
2026-06-30,social,desktop,578,2004,13,991328
2026-06-30,social,tablet,93,252,1,72350
2026-07-01,paid_search,mobile,2989,9778,73,5258920
2026-07-01,paid_search,desktop,1339,3628,52,3979768
2026-07-01,paid_search,tablet,231,809,4,291152
2026-07-01,organic_search,mobile,2272,7492,53,3839532
2026-07-01,organic_search,desktop,1100,3995,40,3166600
2026-07-01,organic_search,tablet,183,605,3,219942
2026-07-01,direct,mobile,1903,5312,49,3578813
2026-07-01,direct,desktop,891,2998,36,2784960
2026-07-01,direct,tablet,148,425,3,218739
2026-07-01,email,mobile,757,2203,23,1678333
2026-07-01,email,desktop,358,1188,17,1306246
2026-07-01,email,tablet,60,178,1,72898
2026-07-01,social,mobile,1262,3916,19,1348411
2026-07-01,social,desktop,577,1769,14,1084286
2026-07-01,social,tablet,95,267,1,70585
2026-07-02,paid_search,mobile,2891,9569,69,4999740
2026-07-02,paid_search,desktop,1334,4878,50,3889550
2026-07-02,paid_search,tablet,222,697,4,287632
2026-07-02,organic_search,mobile,2320,6538,54,3866940
2026-07-02,organic_search,desktop,1064,3528,38,2972854
2026-07-02,organic_search,tablet,181,623,3,217050
2026-07-02,direct,mobile,1901,6761,49,3562986
2026-07-02,direct,desktop,911,3408,37,2931214
2026-07-02,direct,tablet,149,495,3,218766
2026-07-02,email,mobile,775,2890,23,1673710
2026-07-02,email,desktop,363,1338,17,1335163
2026-07-02,email,tablet,62,197,1,71660
2026-07-02,social,mobile,1218,4483,18,1318104
2026-07-02,social,desktop,576,1871,13,1021943
2026-07-02,social,tablet,95,339,1,72894
2026-07-03,paid_search,mobile,2938,9683,71,5035746
2026-07-03,paid_search,desktop,1359,4054,52,4001712
2026-07-03,paid_search,tablet,228,703,4,291324
2026-07-03,organic_search,mobile,2385,7742,55,4009005
2026-07-03,organic_search,desktop,1065,3784,38,2986572
2026-07-03,organic_search,tablet,183,674,3,212460
2026-07-03,direct,mobile,1942,5188,50,3670250
2026-07-03,direct,desktop,908,2655,37,2880265
2026-07-03,direct,tablet,148,484,3,218007
2026-07-03,email,mobile,765,2851,23,1680610
2026-07-03,email,desktop,361,988,17,1317891
2026-07-03,email,tablet,59,219,1,73077
2026-07-03,social,mobile,1201,3274,18,1302480
2026-07-03,social,desktop,576,1702,13,1019213
2026-07-03,social,tablet,96,325,1,70614
2026-07-04,paid_search,mobile,2460,8632,59,4305702
2026-07-04,paid_search,desktop,1153,3915,44,3385228
2026-07-04,paid_search,tablet,188,529,4,293740
2026-07-04,organic_search,mobile,1971,5393,45,3294000
2026-07-04,organic_search,desktop,894,3143,33,2541891
2026-07-04,organic_search,tablet,149,550,3,216537
2026-07-04,direct,mobile,1659,5602,42,3076080
2026-07-04,direct,desktop,752,2297,30,2347890
2026-07-04,direct,tablet,130,414,3,216465
2026-07-04,email,mobile,674,2161,20,1450920
2026-07-04,email,desktop,302,893,14,1096900
2026-07-04,email,tablet,51,176,1,73082
2026-07-04,social,mobile,1041,3926,16,1132064
2026-07-04,social,desktop,490,1298,12,949836
2026-07-04,social,tablet,81,279,1,72054
2026-07-05,paid_search,mobile,2496,7394,59,4267175
2026-07-05,paid_search,desktop,1141,4008,44,3466672
2026-07-05,paid_search,tablet,186,563,3,218304
2026-07-05,organic_search,mobile,1945,7206,45,3214845
2026-07-05,organic_search,desktop,920,3464,32,2494816
2026-07-05,organic_search,tablet,150,444,3,217458
2026-07-05,direct,mobile,1654,5404,42,2985654
2026-07-05,direct,desktop,761,2543,30,2334690
2026-07-05,direct,tablet,126,354,3,215958
2026-07-05,email,mobile,658,2177,20,1459300
2026-07-05,email,desktop,302,996,14,1071462
2026-07-05,email,tablet,49,135,1,70929
2026-07-05,social,mobile,1021,3702,15,1073355
2026-07-05,social,desktop,480,1667,11,859628
2026-07-05,social,tablet,80,215,1,72294
2026-07-06,paid_search,mobile,2929,9983,70,5134010
2026-07-06,paid_search,desktop,1317,4217,50,3863200
2026-07-06,paid_search,tablet,228,635,4,289468
2026-07-06,organic_search,mobile,2392,9008,54,3890214
2026-07-06,organic_search,desktop,1105,3112,40,3050080
2026-07-06,organic_search,tablet,183,626,3,211944
2026-07-06,direct,mobile,1939,7360,50,3533000
2026-07-06,direct,desktop,889,2436,36,2836728
2026-07-06,direct,tablet,152,485,3,213576
2026-07-06,email,mobile,786,2900,24,1756008
2026-07-06,email,desktop,366,1185,17,1304597
2026-07-06,email,tablet,59,159,1,70968
2026-07-06,social,mobile,1262,3602,19,1368095
2026-07-06,social,desktop,554,2065,13,1013415
2026-07-06,social,tablet,95,274,1,72647
2026-07-07,paid_search,mobile,2946,8342,71,5151902
2026-07-07,paid_search,desktop,1319,3476,49,3844883
2026-07-07,paid_search,tablet,225,686,4,284400
2026-07-07,organic_search,mobile,2297,6072,53,3819922
2026-07-07,organic_search,desktop,1104,3907,39,2977104
2026-07-07,organic_search,tablet,178,618,3,217575
2026-07-07,direct,mobile,1934,5373,50,3647000
2026-07-07,direct,desktop,873,3068,36,2804400
2026-07-07,direct,tablet,149,409,3,211938
2026-07-07,email,mobile,793,2785,23,1678011
2026-07-07,email,desktop,358,1088,17,1346230
2026-07-07,email,tablet,60,224,1,71460
2026-07-07,social,mobile,1211,3339,18,1311156
2026-07-07,social,desktop,574,1689,14,1102948
2026-07-07,social,tablet,97,309,1,71879
2026-07-08,paid_search,mobile,2853,10562,69,5043003
2026-07-08,paid_search,desktop,1355,4256,51,3970044
2026-07-08,paid_search,tablet,224,719,4,291920
2026-07-08,organic_search,mobile,2272,8310,51,3642930
2026-07-08,organic_search,desktop,1084,3694,39,3034161
2026-07-08,organic_search,tablet,178,524,3,217857
2026-07-08,direct,mobile,1929,6010,49,3596845
2026-07-08,direct,desktop,922,3250,38,2921098
2026-07-08,direct,tablet,154,533,3,212151
2026-07-08,email,mobile,785,2415,23,1635691
2026-07-08,email,desktop,362,1040,17,1342915
2026-07-08,email,tablet,61,212,1,72299
2026-07-08,social,mobile,1207,3360,18,1291914
2026-07-08,social,desktop,577,1537,13,1028352
2026-07-08,social,tablet,95,258,1,73252
2026-07-09,paid_search,mobile,2970,8148,71,5009831
2026-07-09,paid_search,desktop,1383,5015,53,4144441
2026-07-09,paid_search,tablet,229,666,4,292196
2026-07-09,organic_search,mobile,2289,8149,52,3710564
2026-07-09,organic_search,desktop,1065,4045,38,2991626
2026-07-09,organic_search,tablet,176,617,3,212907
2026-07-09,direct,mobile,1962,7180,51,3623601
2026-07-09,direct,desktop,925,2833,37,2926848
2026-07-09,direct,tablet,146,480,3,217455
2026-07-09,email,mobile,794,2796,24,1718832
2026-07-09,email,desktop,350,951,16,1244032
2026-07-09,email,tablet,61,191,1,73009
2026-07-09,social,mobile,1228,3991,19,1347556
2026-07-09,social,desktop,587,1966,14,1102570
2026-07-09,social,tablet,98,317,1,72900
2026-07-10,paid_search,mobile,2977,8911,72,5171112
2026-07-10,paid_search,desktop,1322,4610,51,4015281
2026-07-10,paid_search,tablet,228,849,4,290228
2026-07-10,organic_search,mobile,2311,7221,53,3836723
2026-07-10,organic_search,desktop,1078,3661,39,2975154
2026-07-10,organic_search,tablet,182,487,3,213528
2026-07-10,direct,mobile,1983,5458,52,3729336
2026-07-10,direct,desktop,894,2962,36,2824776
2026-07-10,direct,tablet,148,480,3,217491
2026-07-10,email,mobile,779,2790,24,1731000
2026-07-10,email,desktop,353,1160,17,1305175
2026-07-10,email,tablet,60,172,1,71507
2026-07-10,social,mobile,1201,4457,18,1280376
2026-07-10,social,desktop,575,1941,13,1023399
2026-07-10,social,tablet,94,251,1,73286
2026-07-11,paid_search,mobile,2481,7264,60,4268700
2026-07-11,paid_search,desktop,1128,3767,42,3313086
2026-07-11,paid_search,tablet,192,668,4,293744
2026-07-11,organic_search,mobile,1946,6853,45,3275595
2026-07-11,organic_search,desktop,899,2673,33,2527569
2026-07-11,organic_search,tablet,151,455,3,216726
2026-07-11,direct,mobile,1667,5331,44,3196248
2026-07-11,direct,desktop,744,2397,31,2384272
2026-07-11,direct,tablet,130,381,3,214830
2026-07-11,email,mobile,638,2028,19,1348753
2026-07-11,email,desktop,294,873,14,1094786
2026-07-11,email,tablet,51,135,1,70957
2026-07-11,social,mobile,1027,3584,16,1168448
2026-07-11,social,desktop,474,1664,11,871464
2026-07-11,social,tablet,82,248,1,71320
2026-07-12,paid_search,mobile,2457,8728,58,4185454
2026-07-12,paid_search,desktop,1142,2997,44,3484140
2026-07-12,paid_search,tablet,191,624,4,285676
2026-07-12,organic_search,mobile,1972,5265,46,3278834
2026-07-12,organic_search,desktop,925,2602,33,2589642
2026-07-12,organic_search,tablet,155,553,3,219717
2026-07-12,direct,mobile,1633,4896,42,3025680
2026-07-12,direct,desktop,744,2045,30,2286450
2026-07-12,direct,tablet,123,366,2,143270
2026-07-12,email,mobile,664,1999,20,1438520
2026-07-12,email,desktop,303,991,14,1101996
2026-07-12,email,tablet,49,158,1,72725
2026-07-12,social,mobile,1069,2808,16,1167328
2026-07-12,social,desktop,487,1777,12,942300
2026-07-12,social,tablet,81,306,1,72773
2026-07-13,paid_search,mobile,2888,9582,71,5097942
2026-07-13,paid_search,desktop,1328,4245,50,3859100
2026-07-13,paid_search,tablet,227,809,4,283520
2026-07-13,organic_search,mobile,2340,6729,54,3858948
2026-07-13,organic_search,desktop,1080,3976,39,3036111
2026-07-13,organic_search,tablet,176,587,3,215448
2026-07-13,direct,mobile,1918,5602,49,3480764
2026-07-13,direct,desktop,887,3251,36,2792592
2026-07-13,direct,tablet,153,466,3,214716
2026-07-13,email,mobile,765,2230,23,1655310
2026-07-13,email,desktop,364,1264,17,1331457
2026-07-13,email,tablet,58,183,1,73219
2026-07-13,social,mobile,1207,4154,18,1293858
2026-07-13,social,desktop,573,1856,13,1004744
2026-07-13,social,tablet,97,256,1,70585
2026-07-14,paid_search,mobile,2866,10520,71,5019913
2026-07-14,paid_search,desktop,1377,3818,53,4040614
2026-07-14,paid_search,tablet,226,769,4,285308
2026-07-14,organic_search,mobile,2390,7828,54,3864294
2026-07-14,organic_search,desktop,1088,3237,39,2996175
2026-07-14,organic_search,tablet,184,671,3,218331
2026-07-14,direct,mobile,1965,5351,51,3713106
2026-07-14,direct,desktop,927,3247,38,3007662
2026-07-14,direct,tablet,148,412,3,215622
2026-07-14,email,mobile,792,2405,23,1640751
2026-07-14,email,desktop,352,1166,16,1243696
2026-07-14,email,tablet,59,196,1,71059
2026-07-14,social,mobile,1267,4184,19,1343414
2026-07-14,social,desktop,556,1651,13,997152
2026-07-14,social,tablet,96,327,1,72085
2026-07-15,paid_search,mobile,2926,8824,70,4971190
2026-07-15,paid_search,desktop,1327,3606,50,3906650
2026-07-15,paid_search,tablet,222,675,4,287056
2026-07-15,organic_search,mobile,2355,8682,54,3817584
2026-07-15,organic_search,desktop,1104,3188,40,3091880
2026-07-15,organic_search,tablet,178,633,3,216438
2026-07-15,direct,mobile,1932,6288,50,3541850
2026-07-15,direct,desktop,901,3332,37,2877453
2026-07-15,direct,tablet,146,505,3,212421
2026-07-15,email,mobile,787,2887,24,1706496
2026-07-15,email,desktop,365,1175,17,1313335
2026-07-15,email,tablet,61,210,1,72035
2026-07-15,social,mobile,1233,3460,19,1349969
2026-07-15,social,desktop,575,1909,14,1097824
2026-07-15,social,tablet,96,330,1,72200
2026-07-16,paid_search,mobile,2916,9583,69,4937364
2026-07-16,paid_search,desktop,1310,3628,50,3894200
2026-07-16,paid_search,tablet,222,786,4,290160
2026-07-16,organic_search,mobile,2370,7368,55,3936185
2026-07-16,organic_search,desktop,1070,3886,39,3085992
2026-07-16,organic_search,tablet,182,581,3,214314
2026-07-16,direct,mobile,1978,5788,51,3630894
2026-07-16,direct,desktop,894,3137,37,2848852
2026-07-16,direct,tablet,148,535,3,219948
2026-07-16,email,mobile,772,2487,23,1640038
2026-07-16,email,desktop,358,1086,16,1266672
2026-07-16,email,tablet,61,182,1,71208
2026-07-16,social,mobile,1223,4093,18,1310130
2026-07-16,social,desktop,564,2092,13,1027156
2026-07-16,social,tablet,93,297,1,71252
2026-07-17,paid_search,mobile,2890,8016,69,5063979
2026-07-17,paid_search,desktop,1376,3617,52,3982472
2026-07-17,paid_search,tablet,230,631,4,285344
2026-07-17,organic_search,mobile,2290,6156,53,3744821
2026-07-17,organic_search,desktop,1062,3345,38,2997820
2026-07-17,organic_search,tablet,176,641,3,212541
2026-07-17,direct,mobile,2003,7067,53,3836034
2026-07-17,direct,desktop,881,2637,35,2694825
2026-07-17,direct,tablet,146,449,3,218343
2026-07-17,email,mobile,790,2746,23,1638819
2026-07-17,email,desktop,353,1175,17,1302438
2026-07-17,email,tablet,60,187,1,71534
2026-07-17,social,mobile,1240,4460,19,1390857
2026-07-17,social,desktop,563,1588,13,1001598
2026-07-17,social,tablet,97,368,1,72934
2026-07-18,paid_search,mobile,2442,6375,60,4349700
2026-07-18,paid_search,desktop,1127,4175,43,3322266
2026-07-18,paid_search,tablet,190,690,4,287620
2026-07-18,organic_search,mobile,1962,6549,45,3193470
2026-07-18,organic_search,desktop,888,2497,32,2454496
2026-07-18,organic_search,tablet,153,398,3,214848
2026-07-18,direct,mobile,1593,5322,41,2968728
2026-07-18,direct,desktop,773,2727,31,2382040
2026-07-18,direct,tablet,126,420,3,213159
2026-07-18,email,mobile,649,1824,20,1430940
2026-07-18,email,desktop,298,898,14,1083992
2026-07-18,email,tablet,52,141,1,72306
2026-07-18,social,mobile,1006,3088,15,1089150
2026-07-18,social,desktop,468,1663,11,852225
2026-07-18,social,tablet,81,239,1,70871
2026-07-19,paid_search,mobile,2504,8414,60,4283460
2026-07-19,paid_search,desktop,1146,3913,43,3363030
2026-07-19,paid_search,tablet,185,647,3,217539
2026-07-19,organic_search,mobile,1966,6998,46,3349812
2026-07-19,organic_search,desktop,913,2633,32,2481152
2026-07-19,organic_search,tablet,150,421,3,220197
2026-07-19,direct,mobile,1619,5939,42,2998800
2026-07-19,direct,desktop,739,2238,30,2322930
2026-07-19,direct,tablet,127,471,3,219492
2026-07-19,email,mobile,674,2264,20,1416240
2026-07-19,email,desktop,303,972,14,1096620
2026-07-19,email,tablet,50,148,1,70643
2026-07-19,social,mobile,1036,3064,16,1162672
2026-07-19,social,desktop,490,1459,11,842072
2026-07-19,social,tablet,82,267,1,72564
2026-07-20,paid_search,mobile,2891,9205,70,5043290
2026-07-20,paid_search,desktop,1385,4425,52,4092504
2026-07-20,paid_search,tablet,230,677,4,285348
2026-07-20,organic_search,mobile,2283,7261,52,3692572
2026-07-20,organic_search,desktop,1059,3512,39,3012555
2026-07-20,organic_search,tablet,182,591,3,219474
2026-07-20,direct,mobile,1895,5523,49,3477726
2026-07-20,direct,desktop,888,2729,35,2741690
2026-07-20,direct,tablet,146,522,3,217944
2026-07-20,email,mobile,800,2629,23,1634472
2026-07-20,email,desktop,368,1318,17,1310598
2026-07-20,email,tablet,60,188,1,73273
2026-07-20,social,mobile,1256,3450,19,1359203
2026-07-20,social,desktop,568,1899,13,1019850
2026-07-20,social,tablet,96,304,1,72893
2026-07-21,paid_search,mobile,2922,9142,70,5133660
2026-07-21,paid_search,desktop,1360,4975,51,4022727
2026-07-21,paid_search,tablet,221,661,4,292220
2026-07-21,organic_search,mobile,2311,7206,53,3773070
2026-07-21,organic_search,desktop,1091,2913,39,3048552
2026-07-21,organic_search,tablet,181,579,3,215298
2026-07-21,direct,mobile,1899,5395,49,3494239
2026-07-21,direct,desktop,920,2442,37,2871903
2026-07-21,direct,tablet,150,513,3,217338
2026-07-21,email,mobile,758,2393,23,1671226
2026-07-21,email,desktop,365,1213,17,1303866
2026-07-21,email,tablet,62,221,1,73438
2026-07-21,social,mobile,1272,3387,19,1343737
2026-07-21,social,desktop,553,1476,13,1012414
2026-07-21,social,tablet,96,289,1,73025
2026-07-22,paid_search,mobile,2917,7969,70,5108670
2026-07-22,paid_search,desktop,1361,4582,51,4007325
2026-07-22,paid_search,tablet,220,735,4,292032
2026-07-22,organic_search,mobile,2330,7046,54,3834540
2026-07-22,organic_search,desktop,1098,3616,40,3116400
2026-07-22,organic_search,tablet,178,631,3,213219
2026-07-22,direct,mobile,1953,5711,50,3603800
2026-07-22,direct,desktop,913,3118,37,2896212
2026-07-22,direct,tablet,148,441,3,218640
2026-07-22,email,mobile,801,2792,24,1696896
2026-07-22,email,desktop,359,1016,17,1341521
2026-07-22,email,tablet,59,186,1,73229
2026-07-22,social,mobile,1238,3988,18,1283724
2026-07-22,social,desktop,583,2140,14,1098678
2026-07-22,social,tablet,97,282,1,72730
2026-07-23,paid_search,mobile,2966,9425,73,5315422
2026-07-23,paid_search,desktop,1377,4553,53,4192459
2026-07-23,paid_search,tablet,227,789,4,288112
2026-07-23,organic_search,mobile,2403,7347,55,3936955
2026-07-23,organic_search,desktop,1068,2908,38,2911370
2026-07-23,organic_search,tablet,185,676,3,217704
2026-07-23,direct,mobile,1911,5574,49,3482969
2026-07-23,direct,desktop,883,2811,36,2854620
2026-07-23,direct,tablet,150,552,3,219078
2026-07-23,email,mobile,760,2886,23,1654413
2026-07-23,email,desktop,369,1052,17,1338801
2026-07-23,email,tablet,60,161,1,73307
2026-07-23,social,mobile,1266,3317,19,1374764
2026-07-23,social,desktop,584,1525,14,1096718
2026-07-23,social,tablet,94,264,1,70670
2026-07-24,paid_search,mobile,2973,7734,72,5215032
2026-07-24,paid_search,desktop,1363,4879,52,4025112
2026-07-24,paid_search,tablet,224,745,4,292900
2026-07-24,organic_search,mobile,2312,6865,54,3952422
2026-07-24,organic_search,desktop,1071,3819,38,2900312
2026-07-24,organic_search,tablet,176,600,3,217995
2026-07-24,direct,mobile,1926,6513,50,3667450
2026-07-24,direct,desktop,898,2729,37,2862838
2026-07-24,direct,tablet,146,486,3,217419
2026-07-24,email,mobile,799,2730,24,1738272
2026-07-24,email,desktop,350,1110,16,1258432
2026-07-24,email,tablet,59,182,1,72042
2026-07-24,social,mobile,1231,4616,19,1346112
2026-07-24,social,desktop,558,1673,13,1027390
2026-07-24,social,tablet,92,252,1,71989
2026-07-25,paid_search,mobile,2472,6634,61,4456294
2026-07-25,paid_search,desktop,1105,3330,42,3305484
2026-07-25,paid_search,tablet,191,662,4,289224
2026-07-25,organic_search,mobile,2006,7150,46,3247830
2026-07-25,organic_search,desktop,934,3474,34,2693514
2026-07-25,organic_search,tablet,152,500,3,215574
2026-07-25,direct,mobile,1652,4814,43,3053172
2026-07-25,direct,desktop,760,2292,31,2407336
2026-07-25,direct,tablet,128,339,3,220158
2026-07-25,email,mobile,657,1858,20,1422120
2026-07-25,email,desktop,296,937,14,1106462
2026-07-25,email,tablet,51,162,1,73334
2026-07-25,social,mobile,1020,2910,15,1091925
2026-07-25,social,desktop,483,1767,11,863390
2026-07-25,social,tablet,80,233,1,71331
2026-07-26,paid_search,mobile,2459,7116,61,4433297
2026-07-26,paid_search,desktop,1143,3409,44,3407536
2026-07-26,paid_search,tablet,189,508,4,288948
2026-07-26,organic_search,mobile,1950,6416,45,3232215
2026-07-26,organic_search,desktop,920,3283,34,2672298
2026-07-26,organic_search,tablet,149,543,3,217989
2026-07-26,direct,mobile,1627,5512,41,2921619
2026-07-26,direct,desktop,747,2128,31,2408607
2026-07-26,direct,tablet,127,379,3,216228
2026-07-26,email,mobile,654,1918,20,1433180
2026-07-26,email,desktop,306,1135,14,1109346
2026-07-26,email,tablet,51,154,1,71307
2026-07-26,social,mobile,1017,2944,15,1059345
2026-07-26,social,desktop,482,1735,11,868681
2026-07-26,social,tablet,81,278,1,71527
2026-07-27,paid_search,mobile,2997,10140,71,5173273
2026-07-27,paid_search,desktop,1314,3775,50,3956750
2026-07-27,paid_search,tablet,224,761,4,285344
2026-07-27,organic_search,mobile,2373,6741,54,3933198
2026-07-27,organic_search,desktop,1065,3866,38,2969928
2026-07-27,organic_search,tablet,185,630,3,219291
2026-07-27,direct,mobile,1987,5912,51,3731415
2026-07-27,direct,desktop,903,2377,37,2899616
2026-07-27,direct,tablet,154,563,3,216510
2026-07-27,email,mobile,759,2034,22,1575596
2026-07-27,email,desktop,354,1108,17,1323773
2026-07-27,email,tablet,59,193,1,73171
2026-07-27,social,mobile,1270,3714,19,1384929
2026-07-27,social,desktop,565,1992,13,993616
2026-07-27,social,tablet,95,334,1,73316
2026-07-28,paid_search,mobile,2848,9276,70,5002900
2026-07-28,paid_search,desktop,1390,4335,53,4171630
2026-07-28,paid_search,tablet,224,636,4,282900
2026-07-28,organic_search,mobile,2283,7321,52,3778268
2026-07-28,organic_search,desktop,1071,3823,38,2903808
2026-07-28,organic_search,tablet,180,678,3,215781
2026-07-28,direct,mobile,1952,6646,51,3732333
2026-07-28,direct,desktop,893,3111,35,2693215
2026-07-28,direct,tablet,152,402,3,218649
2026-07-28,email,mobile,784,2558,23,1662463
2026-07-28,email,desktop,361,1011,17,1305532
2026-07-28,email,tablet,60,172,1,73109
2026-07-28,social,mobile,1212,4285,18,1312110
2026-07-28,social,desktop,577,2135,14,1086470
2026-07-28,social,tablet,98,353,1,72168
2026-07-29,paid_search,mobile,2959,9801,73,5176430
2026-07-29,paid_search,desktop,1323,4876,51,3960201
2026-07-29,paid_search,tablet,229,716,4,289236
2026-07-29,organic_search,mobile,2309,8757,52,3805360
2026-07-29,organic_search,desktop,1080,3540,39,3065673
2026-07-29,organic_search,tablet,179,620,3,214620
2026-07-29,direct,mobile,1919,6208,50,3567900
2026-07-29,direct,desktop,895,3119,37,2886629
2026-07-29,direct,tablet,148,393,3,219945
2026-07-29,email,mobile,793,2683,23,1676907
2026-07-29,email,desktop,363,1084,17,1321070
2026-07-29,email,tablet,60,218,1,72289
2026-07-29,social,mobile,1242,3665,19,1378792
2026-07-29,social,desktop,567,1843,13,1015456
2026-07-29,social,tablet,95,330,1,72239
2026-07-30,paid_search,mobile,2974,9410,70,5111750
2026-07-30,paid_search,desktop,1334,4877,50,3871550
2026-07-30,paid_search,tablet,231,816,4,286316
2026-07-30,organic_search,mobile,2279,7144,53,3873505
2026-07-30,organic_search,desktop,1108,3563,39,3032172
2026-07-30,organic_search,tablet,175,475,3,211857
2026-07-30,direct,mobile,1967,5687,52,3785860
2026-07-30,direct,desktop,904,2476,36,2768364
2026-07-30,direct,tablet,153,418,3,212817
2026-07-30,email,mobile,774,2323,23,1679069
2026-07-30,email,desktop,365,1261,17,1331627
2026-07-30,email,tablet,60,182,1,71756
2026-07-30,social,mobile,1265,3434,19,1363117
2026-07-30,social,desktop,562,1829,13,1025713
2026-07-30,social,tablet,97,300,1,70929
2026-07-31,paid_search,mobile,2966,9851,71,5046822
2026-07-31,paid_search,desktop,1371,5115,52,4123132
2026-07-31,paid_search,tablet,223,697,4,292676
2026-07-31,organic_search,mobile,2401,6643,55,4026165
2026-07-31,organic_search,desktop,1107,4201,40,3135120
2026-07-31,organic_search,tablet,179,489,3,215022
2026-07-31,direct,mobile,1999,5393,51,3728457
2026-07-31,direct,desktop,885,2441,35,2673475
2026-07-31,direct,tablet,146,401,3,217146
2026-07-31,email,mobile,761,2685,22,1605582
2026-07-31,email,desktop,351,1289,17,1331967
2026-07-31,email,tablet,59,170,1,70907
2026-07-31,social,mobile,1260,4619,19,1361122
2026-07-31,social,desktop,555,1919,13,991107
2026-07-31,social,tablet,96,347,1,72473
2026-08-01,paid_search,mobile,2449,7535,58,4207900
2026-08-01,paid_search,desktop,1122,2949,42,3236688
2026-08-01,paid_search,tablet,185,508,3,213471
2026-08-01,organic_search,mobile,2002,5824,47,3446463
2026-08-01,organic_search,desktop,892,3342,32,2526048
2026-08-01,organic_search,tablet,149,558,3,215469
2026-08-01,direct,mobile,1659,4890,43,3070716
2026-08-01,direct,desktop,769,2718,31,2441436
2026-08-01,direct,tablet,127,400,3,219426
2026-08-01,email,mobile,649,1981,19,1348107
2026-08-01,email,desktop,303,994,14,1109052
2026-08-01,email,tablet,50,171,1,71360
2026-08-01,social,mobile,1023,3668,15,1086735
2026-08-01,social,desktop,490,1458,11,854370
2026-08-01,social,tablet,82,269,1,70621
2026-08-02,paid_search,mobile,2444,7670,58,4167358
2026-08-02,paid_search,desktop,1136,3674,44,3482556
2026-08-02,paid_search,tablet,193,723,4,289324
2026-08-02,organic_search,mobile,1927,7066,44,3218292
2026-08-02,organic_search,desktop,894,2580,32,2470848
2026-08-02,organic_search,tablet,155,524,3,213129
2026-08-02,direct,mobile,1669,5455,42,3021354
2026-08-02,direct,desktop,758,2508,30,2306160
2026-08-02,direct,tablet,129,402,3,215100
2026-08-02,email,mobile,660,1937,20,1466100
2026-08-02,email,desktop,302,1118,14,1091846
2026-08-02,email,tablet,50,182,1,70674
2026-08-02,social,mobile,1038,3723,16,1136400
2026-08-02,social,desktop,487,1307,11,869165
2026-08-02,social,tablet,79,213,1,73016
2026-08-03,paid_search,mobile,2898,9190,69,4985733
2026-08-03,paid_search,desktop,1366,4254,52,4072068
2026-08-03,paid_search,tablet,222,584,4,282560
2026-08-03,organic_search,mobile,2271,7073,53,3845415
2026-08-03,organic_search,desktop,1076,3224,38,2897348
2026-08-03,organic_search,tablet,180,492,3,218952
2026-08-03,direct,mobile,1935,6489,50,3665500
2026-08-03,direct,desktop,901,3385,36,2796768
2026-08-03,direct,tablet,152,439,3,217953
2026-08-03,email,mobile,790,2345,24,1762008
2026-08-03,email,desktop,360,1290,17,1331100
2026-08-03,email,tablet,61,218,1,72812
2026-08-03,social,mobile,1202,4255,18,1302156
2026-08-03,social,desktop,569,1972,13,996307
2026-08-03,social,tablet,96,292,1,71793
2026-08-04,paid_search,mobile,2849,10412,68,4879884
2026-08-04,paid_search,desktop,1370,4873,53,4072944
2026-08-04,paid_search,tablet,226,800,4,284120
2026-08-04,organic_search,mobile,2289,8529,53,3764537
2026-08-04,organic_search,desktop,1080,4020,38,2975210
2026-08-04,organic_search,tablet,180,511,3,220218
2026-08-04,direct,mobile,1948,6609,51,3634719
2026-08-04,direct,desktop,918,2479,37,2871940
2026-08-04,direct,tablet,146,452,3,218487
2026-08-04,email,mobile,793,2707,24,1747656
2026-08-04,email,desktop,364,1266,17,1338223
2026-08-04,email,tablet,61,163,1,70661
2026-08-04,social,mobile,1210,3473,18,1283886
2026-08-04,social,desktop,560,1529,13,991107
2026-08-04,social,tablet,94,284,1,71755
2026-08-05,paid_search,mobile,2845,9393,69,4896033
2026-08-05,paid_search,desktop,1344,5068,50,3869550
2026-08-05,paid_search,tablet,220,617,4,283544
2026-08-05,organic_search,mobile,2372,7796,54,3878334
2026-08-05,organic_search,desktop,1103,3284,40,3060520
2026-08-05,organic_search,tablet,179,539,3,215337
2026-08-05,direct,mobile,1928,5581,50,3581450
2026-08-05,direct,desktop,886,3073,36,2756592
2026-08-05,direct,tablet,154,514,3,213852
2026-08-05,email,mobile,777,2414,24,1736496
2026-08-05,email,desktop,353,1103,17,1334993
2026-08-05,email,tablet,59,208,1,72005
2026-08-05,social,mobile,1235,4660,18,1307646
2026-08-05,social,desktop,566,2016,13,1026233
2026-08-05,social,tablet,97,358,1,73051
2026-08-06,paid_search,mobile,2921,10095,72,5148432
2026-08-06,paid_search,desktop,1317,4179,49,3785985
2026-08-06,paid_search,tablet,220,722,4,285192
2026-08-06,organic_search,mobile,2388,8196,55,3994045
2026-08-06,organic_search,desktop,1076,3106,38,2932042
2026-08-06,organic_search,tablet,183,486,3,212211
2026-08-06,direct,mobile,1939,6096,51,3611616
2026-08-06,direct,desktop,907,2830,37,2930141
2026-08-06,direct,tablet,152,493,3,215175
2026-08-06,email,mobile,764,2215,23,1661267
2026-08-06,email,desktop,351,1208,16,1240704
2026-08-06,email,tablet,59,213,1,72290
2026-08-06,social,mobile,1223,4520,18,1287198
2026-08-06,social,desktop,565,2004,13,1008553
2026-08-06,social,tablet,96,299,1,71209
2026-08-07,paid_search,mobile,3005,8027,73,5224683
2026-08-07,paid_search,desktop,1341,4692,50,3911300
2026-08-07,paid_search,tablet,221,798,4,292856
2026-08-07,organic_search,mobile,2405,9107,55,4001195
2026-08-07,organic_search,desktop,1084,3789,39,2996526
2026-08-07,organic_search,tablet,183,609,3,216399
2026-08-07,direct,mobile,1968,5412,51,3626814
2026-08-07,direct,desktop,901,2422,37,2896841
2026-08-07,direct,tablet,147,391,3,219216
2026-08-07,email,mobile,758,2199,23,1662900
2026-08-07,email,desktop,359,1190,17,1326748
2026-08-07,email,tablet,59,167,1,71795
2026-08-07,social,mobile,1217,3557,18,1297422
2026-08-07,social,desktop,556,1570,13,990977
2026-08-07,social,tablet,93,330,1,70930
2026-08-08,paid_search,mobile,2475,7778,60,4342380
2026-08-08,paid_search,desktop,1145,3866,43,3361353
2026-08-08,paid_search,tablet,186,511,3,214251
2026-08-08,organic_search,mobile,1978,5917,46,3376170
2026-08-08,organic_search,desktop,889,2687,32,2530272
2026-08-08,organic_search,tablet,152,463,3,218100
2026-08-08,direct,mobile,1603,5260,41,2956715
2026-08-08,direct,desktop,755,2868,30,2292330
2026-08-08,direct,tablet,129,432,3,212487
2026-08-08,email,mobile,665,1776,20,1416380
2026-08-08,email,desktop,301,1030,14,1091090
2026-08-08,email,tablet,52,185,1,71902
2026-08-08,social,mobile,1068,3219,16,1143504
2026-08-08,social,desktop,488,1395,11,867251
2026-08-08,social,tablet,79,208,1,72964
2026-08-09,paid_search,mobile,2473,8646,61,4321423
2026-08-09,paid_search,desktop,1111,4042,42,3320688
2026-08-09,paid_search,tablet,186,529,4,293024
2026-08-09,organic_search,mobile,1945,6678,45,3186270
2026-08-09,organic_search,desktop,880,3044,31,2394254
2026-08-09,organic_search,tablet,152,418,3,211890
2026-08-09,direct,mobile,1632,5017,42,2994138
2026-08-09,direct,desktop,753,2715,31,2420046
2026-08-09,direct,tablet,126,413,3,212178
2026-08-09,email,mobile,672,2145,20,1423960
2026-08-09,email,desktop,305,927,14,1077538
2026-08-09,email,tablet,49,130,1,71083
2026-08-09,social,mobile,1018,3508,15,1072875
2026-08-09,social,desktop,482,1477,11,842919
2026-08-09,social,tablet,81,265,1,71197
2026-08-10,paid_search,mobile,2937,9090,72,5163480
2026-08-10,paid_search,desktop,1388,4587,53,4192936
2026-08-10,paid_search,tablet,231,830,4,287296
2026-08-10,organic_search,mobile,2389,8721,54,3962250
2026-08-10,organic_search,desktop,1080,3237,39,3090516
2026-08-10,organic_search,tablet,178,522,3,214116
2026-08-10,direct,mobile,1921,6832,50,3540950
2026-08-10,direct,desktop,884,2973,36,2804256
2026-08-10,direct,tablet,151,503,3,214956
2026-08-10,email,mobile,801,2504,24,1699776
2026-08-10,email,desktop,355,1253,17,1318384
2026-08-10,email,tablet,59,185,1,71840
2026-08-10,social,mobile,1270,4671,19,1364922
2026-08-10,social,desktop,563,1916,13,999804
2026-08-10,social,tablet,96,345,1,71686
2026-08-11,paid_search,mobile,3000,10637,72,5206896
2026-08-11,paid_search,desktop,1312,4585,49,3812347
2026-08-11,paid_search,tablet,219,768,4,287704
2026-08-11,organic_search,mobile,2276,7997,52,3719664
2026-08-11,organic_search,desktop,1106,2922,39,3024216
2026-08-11,organic_search,tablet,181,565,3,214488
2026-08-11,direct,mobile,1969,7086,51,3636096
2026-08-11,direct,desktop,905,3117,37,2820103
2026-08-11,direct,tablet,148,409,3,212034
2026-08-11,email,mobile,786,2569,24,1742592
2026-08-11,email,desktop,358,1207,17,1304750
2026-08-11,email,tablet,60,206,1,70982
2026-08-11,social,mobile,1265,4780,19,1380445
2026-08-11,social,desktop,555,1807,13,1019954
2026-08-11,social,tablet,96,344,1,70879
2026-08-12,paid_search,mobile,2951,8408,70,5104750
2026-08-12,paid_search,desktop,1388,5256,52,4076072
2026-08-12,paid_search,tablet,228,801,4,285052
2026-08-12,organic_search,mobile,2384,7168,56,4019288
2026-08-12,organic_search,desktop,1084,3783,39,3031431
2026-08-12,organic_search,tablet,179,480,3,219489
2026-08-12,direct,mobile,1936,6848,51,3690258
2026-08-12,direct,desktop,875,3245,36,2747376
2026-08-12,direct,tablet,154,417,3,212349
2026-08-12,email,mobile,799,2223,24,1715832
2026-08-12,email,desktop,354,1173,16,1241056
2026-08-12,email,tablet,59,187,1,71347
2026-08-12,social,mobile,1205,3243,18,1308888
2026-08-12,social,desktop,564,1615,13,1018771
2026-08-12,social,tablet,94,305,1,73092
2026-08-13,paid_search,mobile,2945,9161,71,5135998
2026-08-13,paid_search,desktop,1334,4738,50,3913050
2026-08-13,paid_search,tablet,229,835,4,293168
2026-08-13,organic_search,mobile,2272,7132,52,3711760
2026-08-13,organic_search,desktop,1089,3718,40,3075640
2026-08-13,organic_search,tablet,184,481,3,216867
2026-08-13,direct,mobile,1985,6083,52,3694912
2026-08-13,direct,desktop,892,3244,37,2825912
2026-08-13,direct,tablet,149,411,3,214998
2026-08-13,email,mobile,791,2727,24,1747824
2026-08-13,email,desktop,355,1313,16,1244848
2026-08-13,email,tablet,59,159,1,71099
2026-08-13,social,mobile,1225,3418,19,1351831
2026-08-13,social,desktop,555,1720,13,1018537
2026-08-13,social,tablet,93,248,1,71236
2026-08-14,paid_search,mobile,2970,11044,73,5265563
2026-08-14,paid_search,desktop,1372,5123,53,4086618
2026-08-14,paid_search,tablet,221,705,4,289216
2026-08-14,organic_search,mobile,2381,7288,55,3908795
2026-08-14,organic_search,desktop,1062,3172,38,2987902
2026-08-14,organic_search,tablet,181,653,3,217536
2026-08-14,direct,mobile,1933,6683,51,3681129
2026-08-14,direct,desktop,898,2937,37,2851220
2026-08-14,direct,tablet,154,480,3,211821
2026-08-14,email,mobile,765,2722,23,1666028
2026-08-14,email,desktop,366,1069,17,1341895
2026-08-14,email,tablet,61,222,1,71525
2026-08-14,social,mobile,1243,3682,19,1377481
2026-08-14,social,desktop,560,1921,13,1022645
2026-08-14,social,tablet,95,361,1,72551
2026-08-15,paid_search,mobile,2519,8462,62,4532510
2026-08-15,paid_search,desktop,1159,3434,43,3363116
2026-08-15,paid_search,tablet,188,537,3,219375
2026-08-15,organic_search,mobile,1977,7108,46,3375296
2026-08-15,organic_search,desktop,885,2436,32,2495712
2026-08-15,organic_search,tablet,149,433,3,215097
2026-08-15,direct,mobile,1643,5341,42,3080364
2026-08-15,direct,desktop,752,2684,31,2382505
2026-08-15,direct,tablet,123,420,3,218979
2026-08-15,email,mobile,646,2160,20,1415920
2026-08-15,email,desktop,298,911,14,1108128
2026-08-15,email,tablet,49,182,1,70914
2026-08-15,social,mobile,1065,3657,16,1138000
2026-08-15,social,desktop,486,1678,11,847759
2026-08-15,social,tablet,79,286,1,71448
2026-08-16,paid_search,mobile,2387,6919,59,4326175
2026-08-16,paid_search,desktop,1122,3022,42,3329466
2026-08-16,paid_search,tablet,192,628,4,292400
2026-08-16,organic_search,mobile,2004,7405,46,3363474
2026-08-16,organic_search,desktop,885,2479,32,2503648
2026-08-16,organic_search,tablet,155,495,3,212277
2026-08-16,direct,mobile,1624,4748,41,2975985
2026-08-16,direct,desktop,750,2111,30,2300640
2026-08-16,direct,tablet,122,455,2,141178
2026-08-16,email,mobile,654,2282,20,1428860
2026-08-16,email,desktop,306,853,14,1078546
2026-08-16,email,tablet,49,129,1,71089
2026-08-16,social,mobile,1027,3596,15,1077030
2026-08-16,social,desktop,483,1754,12,927204
2026-08-16,social,tablet,81,222,1,72300
2026-08-17,paid_search,mobile,2868,7609,69,5056182
2026-08-17,paid_search,desktop,1360,3581,51,3947859
2026-08-17,paid_search,tablet,223,629,4,287488
2026-08-17,organic_search,mobile,2328,8282,55,3963795
2026-08-17,organic_search,desktop,1064,3405,38,3012488
2026-08-17,organic_search,tablet,181,645,3,215922
2026-08-17,direct,mobile,1975,5977,51,3675213
2026-08-17,direct,desktop,904,2502,37,2878156
2026-08-17,direct,tablet,147,506,3,219996
2026-08-17,email,mobile,772,2837,23,1661014
2026-08-17,email,desktop,365,1054,17,1344921
2026-08-17,email,tablet,62,224,1,72134
2026-08-17,social,mobile,1198,3323,18,1317006
2026-08-17,social,desktop,559,1473,13,992095
2026-08-17,social,tablet,95,277,1,72365
2026-08-18,paid_search,mobile,2943,9453,70,5122320
2026-08-18,paid_search,desktop,1386,3667,53,4199296
2026-08-18,paid_search,tablet,219,644,4,292320
2026-08-18,organic_search,mobile,2371,6477,55,3951420
2026-08-18,organic_search,desktop,1082,3249,39,3050346
2026-08-18,organic_search,tablet,178,503,3,220275
2026-08-18,direct,mobile,1903,6772,49,3596208
2026-08-18,direct,desktop,924,3402,38,2974906
2026-08-18,direct,tablet,151,406,3,212778
2026-08-18,email,mobile,770,2056,23,1667040
2026-08-18,email,desktop,355,1082,17,1344411
2026-08-18,email,tablet,60,191,1,71348
2026-08-18,social,mobile,1236,3938,18,1309734
2026-08-18,social,desktop,577,2080,13,1016171
2026-08-18,social,tablet,97,290,1,70708
2026-08-19,paid_search,mobile,2929,7961,70,5088860
2026-08-19,paid_search,desktop,1360,5057,52,3976544
2026-08-19,paid_search,tablet,226,776,4,286536
2026-08-19,organic_search,mobile,2393,6590,55,4013020
2026-08-19,organic_search,desktop,1111,3228,39,2992509
2026-08-19,organic_search,tablet,180,475,3,215109
2026-08-19,direct,mobile,1962,6282,51,3658230
2026-08-19,direct,desktop,903,2626,36,2835108
2026-08-19,direct,tablet,152,448,3,214893
2026-08-19,email,mobile,770,2274,23,1645811
2026-08-19,email,desktop,370,1265,18,1408608
2026-08-19,email,tablet,62,205,1,70587
2026-08-19,social,mobile,1253,3818,19,1375087
2026-08-19,social,desktop,584,1823,13,992420
2026-08-19,social,tablet,92,322,1,70838
2026-08-20,paid_search,mobile,2951,8276,71,5197768
2026-08-20,paid_search,desktop,1363,4346,52,3993288
2026-08-20,paid_search,tablet,224,819,4,284220
2026-08-20,organic_search,mobile,2307,7176,54,3963492
2026-08-20,organic_search,desktop,1073,3343,38,2919426
2026-08-20,organic_search,tablet,179,555,3,216636
2026-08-20,direct,mobile,1977,6786,50,3542000
2026-08-20,direct,desktop,879,2580,35,2694020
2026-08-20,direct,tablet,148,399,3,213363
2026-08-20,email,mobile,794,2115,23,1647421
2026-08-20,email,desktop,369,972,17,1338903
2026-08-20,email,tablet,61,208,1,71820
2026-08-20,social,mobile,1235,4054,18,1296180
2026-08-20,social,desktop,559,1768,13,995085
2026-08-20,social,tablet,98,285,1,72869
2026-08-21,paid_search,mobile,2997,9220,74,5420574
2026-08-21,paid_search,desktop,1369,4112,51,4027623
2026-08-21,paid_search,tablet,222,756,4,288848
2026-08-21,organic_search,mobile,2279,8040,53,3786055
2026-08-21,organic_search,desktop,1053,2816,37,2826837
2026-08-21,organic_search,tablet,181,510,3,217269
2026-08-21,direct,mobile,1893,4970,49,3485909
2026-08-21,direct,desktop,908,3429,37,2832868
2026-08-21,direct,tablet,148,406,3,215979
2026-08-21,email,mobile,758,2703,23,1680265
2026-08-21,email,desktop,360,1034,17,1309204
2026-08-21,email,tablet,59,195,1,72191
2026-08-21,social,mobile,1269,4567,19,1373434
2026-08-21,social,desktop,582,2178,14,1104530
2026-08-21,social,tablet,95,290,1,72748
2026-08-22,paid_search,mobile,2410,8683,59,4166049
2026-08-22,paid_search,desktop,1132,4255,42,3246474
2026-08-22,paid_search,tablet,187,568,4,288608
2026-08-22,organic_search,mobile,2000,7240,47,3324827
2026-08-22,organic_search,desktop,894,2805,32,2510144
2026-08-22,organic_search,tablet,155,549,3,217320
2026-08-22,direct,mobile,1639,5736,42,3017406
2026-08-22,direct,desktop,767,2084,31,2416233
2026-08-22,direct,tablet,123,445,3,216711
2026-08-22,email,mobile,646,1861,19,1379153
2026-08-22,email,desktop,303,1030,14,1092910
2026-08-22,email,tablet,51,170,1,72330
2026-08-22,social,mobile,1039,2849,15,1074495
2026-08-22,social,desktop,489,1645,11,840851
2026-08-22,social,tablet,80,231,1,72942
2026-08-23,paid_search,mobile,2392,7312,58,4165734
2026-08-23,paid_search,desktop,1148,4064,43,3322868
2026-08-23,paid_search,tablet,188,686,3,211866
2026-08-23,organic_search,mobile,1985,7317,46,3359932
2026-08-23,organic_search,desktop,901,2910,32,2489536
2026-08-23,organic_search,tablet,151,552,3,220281
2026-08-23,direct,mobile,1642,4856,42,3083430
2026-08-23,direct,desktop,779,2956,31,2366788
2026-08-23,direct,tablet,127,382,3,213780
2026-08-23,email,mobile,672,2308,20,1461100
2026-08-23,email,desktop,303,1039,14,1087814
2026-08-23,email,tablet,51,140,1,72820
2026-08-23,social,mobile,1025,2856,15,1096005
2026-08-23,social,desktop,466,1342,11,846516
2026-08-23,social,tablet,82,253,1,71597
2026-08-24,paid_search,mobile,2915,11039,69,4998153
2026-08-24,paid_search,desktop,1329,3602,50,3945700
2026-08-24,paid_search,tablet,222,836,4,283300
2026-08-24,organic_search,mobile,2308,6862,54,3957336
2026-08-24,organic_search,desktop,1065,3544,38,2934474
2026-08-24,organic_search,tablet,175,615,3,219936
2026-08-24,direct,mobile,2005,5990,51,3652110
2026-08-24,direct,desktop,899,3362,36,2845728
2026-08-24,direct,tablet,147,473,3,216108
2026-08-24,email,mobile,759,2515,23,1663084
2026-08-24,email,desktop,370,1174,17,1322940
2026-08-24,email,tablet,59,169,1,73001
2026-08-24,social,mobile,1233,3902,18,1309788
2026-08-24,social,desktop,581,1921,14,1071812
2026-08-24,social,tablet,98,280,1,71834
2026-08-25,paid_search,mobile,2892,10639,70,5048960
2026-08-25,paid_search,desktop,1372,4026,52,4006340
2026-08-25,paid_search,tablet,226,747,4,287460
2026-08-25,organic_search,mobile,2363,8045,55,3893230
2026-08-25,organic_search,desktop,1072,2808,38,2974906
2026-08-25,organic_search,tablet,176,580,3,213771
2026-08-25,direct,mobile,1938,5534,50,3659100
2026-08-25,direct,desktop,879,2839,35,2708335
2026-08-25,direct,tablet,146,467,3,216705
2026-08-25,email,mobile,786,2328,24,1716504
2026-08-25,email,desktop,356,1280,17,1298749
2026-08-25,email,tablet,60,197,1,70933
2026-08-25,social,mobile,1206,3550,18,1288800
2026-08-25,social,desktop,555,2090,13,1014130
2026-08-25,social,tablet,94,286,1,71724
2026-08-26,paid_search,mobile,2859,10374,68,4808416
2026-08-26,paid_search,desktop,1362,3967,52,3972540
2026-08-26,paid_search,tablet,220,760,4,288448
2026-08-26,organic_search,mobile,2371,6869,54,3958740
2026-08-26,organic_search,desktop,1079,3365,39,3071133
2026-08-26,organic_search,tablet,176,664,3,212448
2026-08-26,direct,mobile,1947,5951,50,3669750
2026-08-26,direct,desktop,905,3071,36,2763216
2026-08-26,direct,tablet,152,452,3,214161
2026-08-26,email,mobile,781,2839,23,1663843
2026-08-26,email,desktop,369,1105,17,1323977
2026-08-26,email,tablet,62,183,1,73357
2026-08-26,social,mobile,1242,4266,19,1383143
2026-08-26,social,desktop,560,1719,13,1008839
2026-08-26,social,tablet,94,355,1,72653
2026-08-27,paid_search,mobile,2999,9651,72,5276520
2026-08-27,paid_search,desktop,1387,4264,52,4106752
2026-08-27,paid_search,tablet,222,690,4,293052
2026-08-27,organic_search,mobile,2314,8601,53,3778105
2026-08-27,organic_search,desktop,1055,2927,37,2849999
2026-08-27,organic_search,tablet,176,638,3,212070
2026-08-27,direct,mobile,1899,6310,48,3488784
2026-08-27,direct,desktop,892,2864,36,2837700
2026-08-27,direct,tablet,146,504,3,212376
2026-08-27,email,mobile,759,2867,23,1658093
2026-08-27,email,desktop,350,1216,16,1249232
2026-08-27,email,tablet,60,225,1,73113
2026-08-27,social,mobile,1248,3711,19,1369995
2026-08-27,social,desktop,553,1474,13,1003600
2026-08-27,social,tablet,96,355,1,72510
2026-08-28,paid_search,mobile,2939,10932,72,5153184
2026-08-28,paid_search,desktop,1357,4730,51,4022931
2026-08-28,paid_search,tablet,227,722,4,283204
2026-08-28,organic_search,mobile,2405,6267,56,3952648
2026-08-28,organic_search,desktop,1077,2884,38,2975362
2026-08-28,organic_search,tablet,176,505,3,215022
2026-08-28,direct,mobile,1947,7051,50,3561500
2026-08-28,direct,desktop,908,2781,37,2858916
2026-08-28,direct,tablet,147,537,3,218718
2026-08-28,email,mobile,771,2875,23,1660784
2026-08-28,email,desktop,358,1179,17,1296624
2026-08-28,email,tablet,61,160,1,71657
2026-08-28,social,mobile,1269,3351,19,1382402
2026-08-28,social,desktop,587,1750,14,1104754
2026-08-28,social,tablet,97,281,1,70728
2026-08-29,paid_search,mobile,2498,6532,61,4422317
2026-08-29,paid_search,desktop,1162,3837,43,3405815
2026-08-29,paid_search,tablet,193,597,4,287628
2026-08-29,organic_search,mobile,1993,7551,46,3338864
2026-08-29,organic_search,desktop,922,2982,33,2608551
2026-08-29,organic_search,tablet,154,464,3,216348
2026-08-29,direct,mobile,1657,4870,43,3090582
2026-08-29,direct,desktop,745,2620,30,2314560
2026-08-29,direct,tablet,125,375,2,146270
2026-08-29,email,mobile,670,2315,20,1424480
2026-08-29,email,desktop,305,983,14,1087198
2026-08-29,email,tablet,49,157,1,71294
2026-08-29,social,mobile,1030,3039,16,1145376
2026-08-29,social,desktop,491,1532,11,845823
2026-08-29,social,tablet,79,222,1,71132
2026-08-30,paid_search,mobile,2511,7990,60,4375440
2026-08-30,paid_search,desktop,1110,3264,43,3312591
2026-08-30,paid_search,tablet,188,542,4,289164
2026-08-30,organic_search,mobile,2004,6618,46,3254500
2026-08-30,organic_search,desktop,907,2762,33,2516547
2026-08-30,organic_search,tablet,154,510,3,215340
2026-08-30,direct,mobile,1626,4984,42,3064194
2026-08-30,direct,desktop,754,2177,31,2391061
2026-08-30,direct,tablet,122,458,2,145746
2026-08-30,email,mobile,654,2029,19,1372332
2026-08-30,email,desktop,310,1104,15,1187280
2026-08-30,email,tablet,51,178,1,73275
2026-08-30,social,mobile,1045,3106,16,1174816
2026-08-30,social,desktop,481,1514,11,856537
2026-08-30,social,tablet,79,293,1,71762
2026-08-31,paid_search,mobile,2957,9887,72,5184792
2026-08-31,paid_search,desktop,1387,4879,52,3999892
2026-08-31,paid_search,tablet,221,666,4,287824
2026-08-31,organic_search,mobile,2358,7493,54,3840588
2026-08-31,organic_search,desktop,1063,3316,39,3013218
2026-08-31,organic_search,tablet,175,539,3,216876
2026-08-31,direct,mobile,1925,7187,50,3603600
2026-08-31,direct,desktop,921,3185,37,2829131
2026-08-31,direct,tablet,152,484,3,217659
2026-08-31,email,mobile,770,2532,23,1622949
2026-08-31,email,desktop,366,985,17,1314287
2026-08-31,email,tablet,59,186,1,71521
2026-08-31,social,mobile,1225,4215,18,1299294
2026-08-31,social,desktop,558,1768,13,1030003
2026-08-31,social,tablet,94,336,1,71511
2026-09-01,paid_search,mobile,2874,10498,71,5209625
2026-09-01,paid_search,desktop,1369,5159,51,3888699
2026-09-01,paid_search,tablet,228,766,4,283240
2026-09-01,organic_search,mobile,2287,6569,53,3878328
2026-09-01,organic_search,desktop,1111,2965,41,3175204
2026-09-01,organic_search,tablet,175,538,3,218604
2026-09-01,direct,mobile,1991,5286,50,3663050
2026-09-01,direct,desktop,921,2485,38,2907912
2026-09-01,direct,tablet,149,553,3,215394
2026-09-01,email,mobile,780,2383,23,1653401
2026-09-01,email,desktop,370,1167,17,1314066
2026-09-01,email,tablet,59,205,1,72235
2026-09-01,social,mobile,1239,4391,19,1369007
2026-09-01,social,desktop,561,2095,13,1004471
2026-09-01,social,tablet,96,265,1,71814
2026-09-02,paid_search,mobile,2989,9615,72,5087520
2026-09-02,paid_search,desktop,1326,4637,50,3920450
2026-09-02,paid_search,tablet,220,683,4,290380
2026-09-02,organic_search,mobile,2287,7048,53,3803704
2026-09-02,organic_search,desktop,1056,3301,38,2933030
2026-09-02,organic_search,tablet,175,555,3,216192
2026-09-02,direct,mobile,1958,7264,50,3578200
2026-09-02,direct,desktop,886,2448,36,2834856
2026-09-02,direct,tablet,150,420,3,215388
2026-09-02,email,mobile,790,2182,23,1673342
2026-09-02,email,desktop,358,1209,17,1334449
2026-09-02,email,tablet,60,158,1,71580
2026-09-02,social,mobile,1215,4117,18,1294920
2026-09-02,social,desktop,558,1777,13,1017887
2026-09-02,social,tablet,95,353,1,73343
2026-09-03,paid_search,mobile,2940,8181,70,5022220
2026-09-03,paid_search,desktop,1365,4603,51,3956121
2026-09-03,paid_search,tablet,228,664,4,290028
2026-09-03,organic_search,mobile,2327,7319,53,3821247
2026-09-03,organic_search,desktop,1048,3089,38,2985090
2026-09-03,organic_search,tablet,183,593,3,215316
2026-09-03,direct,mobile,1943,5547,50,3647800
2026-09-03,direct,desktop,894,2677,37,2820177
2026-09-03,direct,tablet,152,504,3,218586
2026-09-03,email,mobile,766,2710,23,1671709
2026-09-03,email,desktop,364,1171,17,1301214
2026-09-03,email,tablet,59,208,1,70838
2026-09-03,social,mobile,1208,3323,18,1313496
2026-09-03,social,desktop,565,1641,13,1020279
2026-09-03,social,tablet,94,278,1,71999
2026-09-04,paid_search,mobile,2977,7865,71,5178598
2026-09-04,paid_search,desktop,1321,4031,49,3749137
2026-09-04,paid_search,tablet,227,750,4,284904
2026-09-04,organic_search,mobile,2382,8055,54,3884544
2026-09-04,organic_search,desktop,1109,3136,40,3130760
2026-09-04,organic_search,tablet,181,490,3,214866
2026-09-04,direct,mobile,1909,5846,49,3574501
2026-09-04,direct,desktop,878,2861,35,2749425
2026-09-04,direct,tablet,154,470,3,212664
2026-09-04,email,mobile,765,2457,23,1676539
2026-09-04,email,desktop,366,1316,17,1319965
2026-09-04,email,tablet,62,222,1,72948
2026-09-04,social,mobile,1224,3686,18,1306008
2026-09-04,social,desktop,574,2170,13,1023230
2026-09-04,social,tablet,97,305,1,71768
2026-09-05,paid_search,mobile,2526,8022,60,4233720
2026-09-05,paid_search,desktop,1128,3482,43,3331640
2026-09-05,paid_search,tablet,186,587,3,216078
2026-09-05,organic_search,mobile,1972,7148,46,3351790
2026-09-05,organic_search,desktop,912,3234,33,2524302
2026-09-05,organic_search,tablet,155,554,3,214449
2026-09-05,direct,mobile,1649,4900,42,3016902
2026-09-05,direct,desktop,771,2580,31,2432477
2026-09-05,direct,tablet,128,473,3,213144
2026-09-05,email,mobile,666,2104,20,1441560
2026-09-05,email,desktop,307,846,14,1100498
2026-09-05,email,tablet,51,161,1,71043
2026-09-05,social,mobile,1044,3638,16,1142736
2026-09-05,social,desktop,478,1781,11,856812
2026-09-05,social,tablet,78,221,1,73295
2026-09-06,paid_search,mobile,2517,8954,60,4270380
2026-09-06,paid_search,desktop,1152,3233,44,3359004
2026-09-06,paid_search,tablet,189,716,4,291960
2026-09-06,organic_search,mobile,2013,7211,47,3343815
2026-09-06,organic_search,desktop,881,2636,31,2422371
2026-09-06,organic_search,tablet,154,542,3,219021
2026-09-06,direct,mobile,1600,5961,41,2928097
2026-09-06,direct,desktop,746,2115,31,2443823
2026-09-06,direct,tablet,127,410,3,214188
2026-09-06,email,mobile,655,2111,19,1373966
2026-09-06,email,desktop,308,1085,14,1110326
2026-09-06,email,tablet,49,144,1,72028
2026-09-06,social,mobile,1040,3636,16,1144048
2026-09-06,social,desktop,470,1758,11,849156
2026-09-06,social,tablet,81,229,1,73221
2026-09-07,paid_search,mobile,2853,10727,69,5025753
2026-09-07,paid_search,desktop,1346,5051,50,3901450
2026-09-07,paid_search,tablet,220,835,4,283896
2026-09-07,organic_search,mobile,2387,9019,55,3903075
2026-09-07,organic_search,desktop,1078,3445,39,3091218
2026-09-07,organic_search,tablet,184,528,3,216795
2026-09-07,direct,mobile,1901,6902,49,3457587
2026-09-07,direct,desktop,895,3066,36,2754252
2026-09-07,direct,tablet,151,440,3,218214
2026-09-07,email,mobile,767,2601,23,1623455
2026-09-07,email,desktop,370,998,18,1412100
2026-09-07,email,tablet,61,214,1,72383
2026-09-07,social,mobile,1262,3705,19,1389489
2026-09-07,social,desktop,561,1979,13,1000623
2026-09-07,social,tablet,97,345,1,71919
2026-09-08,paid_search,mobile,2894,8461,70,5045040
2026-09-08,paid_search,desktop,1318,4811,51,3906753
2026-09-08,paid_search,tablet,220,688,4,288372
2026-09-08,organic_search,mobile,2388,6562,55,3896860
2026-09-08,organic_search,desktop,1081,2955,39,3080298
2026-09-08,organic_search,tablet,180,536,3,216063
2026-09-08,direct,mobile,1975,7457,51,3609729
2026-09-08,direct,desktop,899,3245,36,2794824
2026-09-08,direct,tablet,149,505,3,215436
2026-09-08,email,mobile,791,2846,23,1652067
2026-09-08,email,desktop,359,1297,17,1326799
2026-09-08,email,tablet,59,219,1,70681
2026-09-08,social,mobile,1265,3768,19,1360096
2026-09-08,social,desktop,578,1527,13,1012830
2026-09-08,social,tablet,95,264,1,71458
2026-09-09,paid_search,mobile,2952,10872,71,5135856
2026-09-09,paid_search,desktop,1356,4123,51,3947553
2026-09-09,paid_search,tablet,225,635,4,289784
2026-09-09,organic_search,mobile,2289,7980,52,3771300
2026-09-09,organic_search,desktop,1074,3185,39,2984007
2026-09-09,organic_search,tablet,183,492,3,215298
2026-09-09,direct,mobile,1926,7066,50,3648900
2026-09-09,direct,desktop,885,3217,36,2797668
2026-09-09,direct,tablet,149,540,3,214701
2026-09-09,email,mobile,790,2318,24,1721880
2026-09-09,email,desktop,356,1020,16,1265024
2026-09-09,email,tablet,62,165,1,73234
2026-09-09,social,mobile,1263,4271,19,1367031
2026-09-09,social,desktop,576,2044,13,1029054
2026-09-09,social,tablet,97,307,1,73239
2026-09-10,paid_search,mobile,2903,9528,70,4975180
2026-09-10,paid_search,desktop,1330,4255,49,3835524
2026-09-10,paid_search,tablet,223,787,4,287200
2026-09-10,organic_search,mobile,2308,7593,54,3834702
2026-09-10,organic_search,desktop,1065,3522,38,2983228
2026-09-10,organic_search,tablet,175,465,3,219507
2026-09-10,direct,mobile,1931,6141,50,3669150
2026-09-10,direct,desktop,925,2668,37,2827244
2026-09-10,direct,tablet,153,571,3,217476
2026-09-10,email,mobile,798,2725,24,1713024
2026-09-10,email,desktop,351,1151,16,1229440
2026-09-10,email,tablet,61,228,1,72515
2026-09-10,social,mobile,1264,3902,19,1353446
2026-09-10,social,desktop,587,2108,14,1107540
2026-09-10,social,tablet,97,262,1,71666
2026-09-11,paid_search,mobile,2911,7744,70,5022150
2026-09-11,paid_search,desktop,1322,3877,51,4044096
2026-09-11,paid_search,tablet,229,608,4,293004
2026-09-11,organic_search,mobile,2316,6606,54,3854088
2026-09-11,organic_search,desktop,1053,3294,37,2913528
2026-09-11,organic_search,tablet,183,531,3,213024
2026-09-11,direct,mobile,1990,5997,51,3695919
2026-09-11,direct,desktop,925,2627,38,2966204
2026-09-11,direct,tablet,146,430,3,219282
2026-09-11,email,mobile,786,2155,23,1627066
2026-09-11,email,desktop,355,1181,16,1258256
2026-09-11,email,tablet,60,182,1,70850
2026-09-11,social,mobile,1227,3340,19,1384397
2026-09-11,social,desktop,584,1623,14,1073604
2026-09-11,social,tablet,93,312,1,71206
2026-09-12,paid_search,mobile,2504,8693,61,4373639
2026-09-12,paid_search,desktop,1156,3426,43,3405686
2026-09-12,paid_search,tablet,192,585,4,288764
2026-09-12,organic_search,mobile,1971,6116,46,3332332
2026-09-12,organic_search,desktop,918,3481,33,2577036
2026-09-12,organic_search,tablet,154,427,3,215598
2026-09-12,direct,mobile,1656,4836,42,2994558
2026-09-12,direct,desktop,735,2347,30,2365650
2026-09-12,direct,tablet,128,395,3,211941
2026-09-12,email,mobile,670,1910,20,1411460
2026-09-12,email,desktop,298,954,14,1068858
2026-09-12,email,tablet,50,172,1,70973
2026-09-12,social,mobile,1053,2862,16,1167360
2026-09-12,social,desktop,477,1433,11,865447
2026-09-12,social,tablet,79,283,1,72517
2026-09-13,paid_search,mobile,2515,7882,62,4438146
2026-09-13,paid_search,desktop,1145,4274,44,3370092
2026-09-13,paid_search,tablet,192,672,4,283260
2026-09-13,organic_search,mobile,1917,6947,45,3280275
2026-09-13,organic_search,desktop,921,2833,34,2595866
2026-09-13,organic_search,tablet,154,552,3,215778
2026-09-13,direct,mobile,1622,4241,43,3104815
2026-09-13,direct,desktop,764,2146,31,2385946
2026-09-13,direct,tablet,123,325,2,145800
2026-09-13,email,mobile,638,2101,19,1392985
2026-09-13,email,desktop,311,1149,14,1092672
2026-09-13,email,tablet,50,185,1,71783
2026-09-13,social,mobile,1015,2826,15,1091865
2026-09-13,social,desktop,490,1726,12,936456
2026-09-13,social,tablet,79,235,1,71346
2026-09-14,paid_search,mobile,2856,8779,70,4994430
2026-09-14,paid_search,desktop,1327,3969,51,3916137
2026-09-14,paid_search,tablet,225,659,4,286396
2026-09-14,organic_search,mobile,2390,8712,54,3892590
2026-09-14,organic_search,desktop,1093,3509,39,3031704
2026-09-14,organic_search,tablet,182,564,3,217590
2026-09-14,direct,mobile,1936,5983,49,3571904
2026-09-14,direct,desktop,874,2958,35,2737770
2026-09-14,direct,tablet,154,452,3,213297
2026-09-14,email,mobile,787,2383,24,1695648
2026-09-14,email,desktop,356,1249,17,1326901
2026-09-14,email,tablet,59,204,1,72707
2026-09-14,social,mobile,1241,4211,18,1298520
2026-09-14,social,desktop,563,1501,13,1012999
2026-09-14,social,tablet,97,348,1,72878
2026-09-15,paid_search,mobile,2981,8602,73,5259066
2026-09-15,paid_search,desktop,1378,5167,52,4113408
2026-09-15,paid_search,tablet,231,716,4,284488
2026-09-15,organic_search,mobile,2328,7787,53,3781126
2026-09-15,organic_search,desktop,1075,2989,39,3010410
2026-09-15,organic_search,tablet,182,605,3,216078
2026-09-15,direct,mobile,1993,5522,52,3727828
2026-09-15,direct,desktop,926,3498,37,2851590
2026-09-15,direct,tablet,148,458,3,220290
2026-09-15,email,mobile,757,2546,22,1574760
2026-09-15,email,desktop,353,1113,16,1242368
2026-09-15,email,tablet,60,216,1,73076
2026-09-15,social,mobile,1218,4074,18,1298160
2026-09-15,social,desktop,573,1552,13,1015222
2026-09-15,social,tablet,93,302,1,72893
2026-09-16,paid_search,mobile,2911,10234,70,4947740
2026-09-16,paid_search,desktop,1371,4751,53,4107341
2026-09-16,paid_search,tablet,230,783,4,283068
2026-09-16,organic_search,mobile,2311,8125,54,3822714
2026-09-16,organic_search,desktop,1109,2987,40,3075680
2026-09-16,organic_search,tablet,175,467,3,212004
2026-09-16,direct,mobile,1979,5857,51,3690666
2026-09-16,direct,desktop,897,2750,37,2913121
2026-09-16,direct,tablet,147,510,3,215988
2026-09-16,email,mobile,777,2458,23,1627641
2026-09-16,email,desktop,365,1229,17,1297576
2026-09-16,email,tablet,59,220,1,72733
2026-09-16,social,mobile,1247,3619,19,1382231
2026-09-16,social,desktop,558,1603,13,996528
2026-09-16,social,tablet,97,339,1,71465
2026-09-17,paid_search,mobile,2969,8240,71,5181012
2026-09-17,paid_search,desktop,1315,4392,51,4037772
2026-09-17,paid_search,tablet,226,763,4,284752
2026-09-17,organic_search,mobile,2406,7840,55,4012140
2026-09-17,organic_search,desktop,1059,3055,38,2940782
2026-09-17,organic_search,tablet,185,534,3,218751
2026-09-17,direct,mobile,1949,7160,50,3534350
2026-09-17,direct,desktop,895,2396,36,2746404
2026-09-17,direct,tablet,147,541,3,214791
2026-09-17,email,mobile,792,2786,23,1674308
2026-09-17,email,desktop,361,1003,17,1343238
2026-09-17,email,tablet,62,213,1,71524
2026-09-17,social,mobile,1246,4446,18,1305630
2026-09-17,social,desktop,585,1884,14,1075774
2026-09-17,social,tablet,94,281,1,72662
2026-09-18,paid_search,mobile,2941,10907,72,5248440
2026-09-18,paid_search,desktop,1359,4872,51,3894666
2026-09-18,paid_search,tablet,222,837,4,284172
2026-09-18,organic_search,mobile,2359,8206,55,3923535
2026-09-18,organic_search,desktop,1099,4134,39,3008304
2026-09-18,organic_search,tablet,184,640,3,212058
2026-09-18,direct,mobile,1922,5982,49,3493896
2026-09-18,direct,desktop,900,2715,36,2840472
2026-09-18,direct,tablet,151,417,3,214938
2026-09-18,email,mobile,802,2394,24,1761240
2026-09-18,email,desktop,356,1101,17,1337169
2026-09-18,email,tablet,61,181,1,73268
2026-09-18,social,mobile,1230,3968,19,1363858
2026-09-18,social,desktop,555,2049,13,993421
2026-09-18,social,tablet,92,308,1,73057
2026-09-19,paid_search,mobile,2450,7304,58,4131340
2026-09-19,paid_search,desktop,1106,4099,41,3240066
2026-09-19,paid_search,tablet,185,580,3,217767
2026-09-19,organic_search,mobile,1953,7166,45,3253410
2026-09-19,organic_search,desktop,920,3154,33,2615976
2026-09-19,organic_search,tablet,154,495,3,213480
2026-09-19,direct,mobile,1684,5584,43,3034639
2026-09-19,direct,desktop,750,2288,30,2319360
2026-09-19,direct,tablet,127,447,3,217290
2026-09-19,email,mobile,650,2053,19,1393327
2026-09-19,email,desktop,306,1041,14,1074038
2026-09-19,email,tablet,51,154,1,70873
2026-09-19,social,mobile,1057,3880,16,1166528
2026-09-19,social,desktop,477,1333,11,841885
2026-09-19,social,tablet,81,236,1,71893
2026-09-20,paid_search,mobile,2463,8227,59,4196788
2026-09-20,paid_search,desktop,1118,3972,42,3285450
2026-09-20,paid_search,tablet,186,493,4,293032
2026-09-20,organic_search,mobile,2002,5989,47,3362098
2026-09-20,organic_search,desktop,882,3061,32,2493984
2026-09-20,organic_search,tablet,155,421,3,216342
2026-09-20,direct,mobile,1640,6190,42,3045714
2026-09-20,direct,desktop,777,2339,32,2453504
2026-09-20,direct,tablet,123,386,2,141912
2026-09-20,email,mobile,644,2227,19,1351812
2026-09-20,email,desktop,299,1134,14,1089284
2026-09-20,email,tablet,50,145,1,72854
2026-09-20,social,mobile,1020,2662,15,1059000
2026-09-20,social,desktop,489,1690,12,946248
2026-09-20,social,tablet,81,269,1,71838
2026-09-21,paid_search,mobile,1785,5318,28,2018184
2026-09-21,paid_search,desktop,1381,4571,52,4118608
2026-09-21,paid_search,tablet,222,822,4,288988
2026-09-21,organic_search,mobile,2326,6636,54,3884598
2026-09-21,organic_search,desktop,1052,2960,38,2962328
2026-09-21,organic_search,tablet,176,551,3,215148
2026-09-21,direct,mobile,1964,7213,50,3586050
2026-09-21,direct,desktop,913,2733,36,2810808
2026-09-21,direct,tablet,150,468,3,217227
2026-09-21,email,mobile,837,2676,25,1764800
2026-09-21,email,desktop,407,1062,19,1502919
2026-09-21,email,tablet,66,179,2,146100
2026-09-21,social,mobile,1253,3336,19,1341932
2026-09-21,social,desktop,555,1463,13,1011192
2026-09-21,social,tablet,97,253,1,73175
2026-09-22,paid_search,mobile,1820,4957,30,2181750
2026-09-22,paid_search,desktop,1356,4015,50,3831050
2026-09-22,paid_search,tablet,229,753,4,292292
2026-09-22,organic_search,mobile,2399,8877,55,3983045
2026-09-22,organic_search,desktop,1062,3520,38,3001202
2026-09-22,organic_search,tablet,181,582,3,218118
2026-09-22,direct,mobile,2006,7493,52,3751124
2026-09-22,direct,desktop,882,2942,36,2782836
2026-09-22,direct,tablet,146,431,3,216513
2026-09-22,email,mobile,863,3012,26,1901042
2026-09-22,email,desktop,398,1144,19,1485002
2026-09-22,email,tablet,64,204,2,146024
2026-09-22,social,mobile,1204,3813,18,1321560
2026-09-22,social,desktop,568,1882,13,1006135
2026-09-22,social,tablet,96,276,1,71618
2026-09-23,paid_search,mobile,1841,6005,29,2089653
2026-09-23,paid_search,desktop,1349,3728,51,4009875
2026-09-23,paid_search,tablet,231,719,4,287620
2026-09-23,organic_search,mobile,2325,7811,54,3830598
2026-09-23,organic_search,desktop,1057,3908,39,3038646
2026-09-23,organic_search,tablet,183,488,3,212955
2026-09-23,direct,mobile,1966,7375,50,3569350
2026-09-23,direct,desktop,912,2817,37,2885519
2026-09-23,direct,tablet,147,529,3,212673
2026-09-23,email,mobile,864,2482,26,1884012
2026-09-23,email,desktop,390,1416,18,1383462
2026-09-23,email,tablet,67,187,2,145484
2026-09-23,social,mobile,1231,3886,18,1284192
2026-09-23,social,desktop,576,2071,14,1070776
2026-09-23,social,tablet,94,347,1,72649
2026-09-24,paid_search,mobile,1771,4830,29,2127875
2026-09-24,paid_search,desktop,1332,3616,51,4029255
2026-09-24,paid_search,tablet,226,686,4,283824
2026-09-24,organic_search,mobile,2352,6331,53,3817696
2026-09-24,organic_search,desktop,1100,3303,40,3144760
2026-09-24,organic_search,tablet,176,474,3,219414
2026-09-24,direct,mobile,1911,5760,49,3458861
2026-09-24,direct,desktop,912,2509,36,2837088
2026-09-24,direct,tablet,154,568,3,215661
2026-09-24,email,mobile,883,2541,26,1867554
2026-09-24,email,desktop,401,1364,19,1469270
2026-09-24,email,tablet,66,221,2,145740
2026-09-24,social,mobile,1200,4026,18,1309662
2026-09-24,social,desktop,584,2016,14,1100064
2026-09-24,social,tablet,96,296,1,73143
2026-09-25,paid_search,mobile,1790,6008,29,2055056
2026-09-25,paid_search,desktop,1350,4429,51,4028796
2026-09-25,paid_search,tablet,228,630,4,285320
2026-09-25,organic_search,mobile,2387,8080,55,3995090
2026-09-25,organic_search,desktop,1073,3202,39,3026010
2026-09-25,organic_search,tablet,181,636,3,218637
2026-09-25,direct,mobile,1979,7164,51,3690207
2026-09-25,direct,desktop,920,2908,38,2975590
2026-09-25,direct,tablet,150,407,3,212109
2026-09-25,email,mobile,839,2932,25,1818550
2026-09-25,email,desktop,393,1253,19,1497428
2026-09-25,email,tablet,65,174,2,143208
2026-09-25,social,mobile,1210,4224,18,1275390
2026-09-25,social,desktop,586,1722,14,1068746
2026-09-25,social,tablet,97,331,1,71212
2026-09-26,paid_search,mobile,1490,4789,24,1700904
2026-09-26,paid_search,desktop,1126,4262,42,3280074
2026-09-26,paid_search,tablet,185,684,4,291048
2026-09-26,organic_search,mobile,1947,5449,45,3248775
2026-09-26,organic_search,desktop,898,3358,32,2441152
2026-09-26,organic_search,tablet,150,404,3,216246
2026-09-26,direct,mobile,1599,5006,41,2977133
2026-09-26,direct,desktop,736,1971,30,2293650
2026-09-26,direct,tablet,123,353,2,141588
2026-09-26,email,mobile,730,2303,22,1598828
2026-09-26,email,desktop,323,1085,15,1183065
2026-09-26,email,tablet,56,179,1,71076
2026-09-26,social,mobile,1064,3261,16,1139120
2026-09-26,social,desktop,486,1358,11,846560
2026-09-26,social,tablet,80,270,1,71852
2026-09-27,paid_search,mobile,1565,5947,25,1818500
2026-09-27,paid_search,desktop,1161,3314,44,3472612
2026-09-27,paid_search,tablet,187,709,4,285696
2026-09-27,organic_search,mobile,2015,5788,47,3436828
2026-09-27,organic_search,desktop,915,3325,33,2601621
2026-09-27,organic_search,tablet,152,546,3,213063
2026-09-27,direct,mobile,1616,5913,41,2987260
2026-09-27,direct,desktop,757,2619,31,2408886
2026-09-27,direct,tablet,127,410,3,219114
2026-09-27,email,mobile,699,2230,21,1538397
2026-09-27,email,desktop,335,1244,16,1234656
2026-09-27,email,tablet,55,200,1,71501
2026-09-27,social,mobile,1015,3050,15,1075335
2026-09-27,social,desktop,469,1659,11,838992
2026-09-27,social,tablet,81,279,1,71111
